date,adset,spend,clicks,lead,reg
2026-08-19,R,63.46,48,0,8
2026-08-20,R,138.07,227,0,51
2026-08-21,R,65.28,144,0,17
2026-08-22,R,69.15,191,0,34
2026-08-23,R,128.76,342,0,23
2026-08-24,R,57.62,187,0,15
2026-08-25,R,87.67,187,0,26
2026-08-25,RT,55.4,52,0,10
2026-08-26,R,123.29,306,0,34
2026-08-26,RT,106.12,124,0,28
2026-08-27,R,93.35,217,0,23
2026-08-27,RT,115.93,175,0,31
2026-08-27,L,0.88,0,0,0
2026-08-28,R,106.31,227,1,30
2026-08-28,RT,66.85,101,0,19
2026-08-28,L,37.49,50,1,6
2026-08-29,R,101.51,137,0,27
2026-08-29,RT,52.03,72,0,11
2026-08-29,L,44.61,73,0,9
2026-08-30,R,119.9,209,0,25
2026-08-30,RT,75.69,128,0,17
2026-08-30,L,50.33,42,0,5
2026-08-31,R,91.8,162,0,19
2026-08-31,RT,34.67,87,0,15
2026-08-31,L,58.84,66,12,3
2026-09-01,R,56.03,106,0,11
2026-09-01,RT,33.84,40,0,7
2026-09-01,L,126.92,211,22,0
2026-09-01,LS,39.32,61,1,1
2026-09-02,R,0.97,0,0,0
2026-09-02,RT,8.68,11,0,1
2026-09-02,L,120.02,188,24,1
2026-09-02,LS,81.24,109,13,0
2026-09-03,R,0.61,0,0,0
2026-09-03,RT,21.59,14,0,3
2026-09-03,L,127.76,183,31,0
2026-09-03,LS,78.35,62,18,2
2026-09-04,R,0.14,0,0,0
2026-09-04,RT,34.63,37,0,7
2026-09-04,L,146.39,176,25,0
2026-09-04,LS,64.4,60,17,0
2026-09-05,R,0.12,1,0,0
2026-09-05,RT,36.29,34,0,7
2026-09-05,L,145.66,194,40,0
2026-09-05,LS,62.93,74,10,0
2026-09-06,R,0.19,0,0,0
2026-09-06,RT,34.6,42,0,6
2026-09-06,L,166.53,201,42,5
2026-09-06,LS,68.74,66,23,0
2026-09-07,R,33.26,23,0,1
2026-09-07,RT,47.64,46,4,2
2026-09-07,L,136.14,162,44,4
2026-09-07,LS,66.74,65,17,0
2026-09-08,R,39.51,48,0,16
2026-09-08,RT,34.58,43,8,1
2026-09-08,L,122.24,152,22,2
2026-09-08,LS,61.78,98,29,2
2026-09-09,RT,24.29,17,2,0
2026-09-09,L,155.82,207,37,0
2026-09-09,LS,50.04,82,18,1
2026-09-10,L,125.3,289,49,1
2026-09-10,LS,23.43,43,11,0
2026-09-11,L,185.06,322,53,1
2026-09-11,LS,73.72,169,21,1
2026-09-12,R,0,0,0,2
2026-09-12,L,85.03,273,29,0
2026-09-12,LS,40.81,143,21,0
2026-09-13,L,177.41,594,73,4
2026-09-13,LS,54.25,178,21,1
2026-09-14,L,118.53,339,36,1
2026-09-14,LS,41.37,125,10,2
2026-09-15,L,120.26,259,34,5
2026-09-15,LS,24.83,35,7,0
2026-09-16,L,185.58,311,46,6
2026-09-16,LS,66.4,71,8,2
2026-09-17,L,147.18,294,52,5
2026-09-17,LS,57.43,45,7,1
2026-09-18,L,114.24,254,34,3
2026-09-18,LS,60.74,119,23,0
2026-09-19,L,183.22,339,54,2
2026-09-19,LS,43.58,117,28,3
2026-09-20,L,190.65,381,54,4
2026-09-20,LS,67.26,176,41,2
2026-09-21,L,186.81,335,47,5
2026-09-21,LS,41.84,103,21,0
2026-09-22,L,135.1,299,51,2
2026-09-22,LS,66.74,169,51,0
2026-09-23,L,159.98,386,67,4
2026-09-23,LS,51.62,143,27,1
2026-09-23,LN,23.7,26,6,0
2026-09-24,L,130.76,361,70,4
2026-09-24,LS,59.93,135,27,1
2026-09-24,LN,42.75,41,6,0
2026-09-25,L,124.19,322,59,2
2026-09-25,LS,66.7,124,31,0
2026-09-25,LN,37.69,15,4,0
2026-09-26,L,118.76,269,53,1
2026-09-26,LS,74.95,156,37,1
2026-09-26,LN,27.09,12,1,1
2026-09-27,L,170.75,397,81,2
2026-09-27,LS,87.89,158,33,2
2026-09-28,L,129.39,318,53,2
2026-09-28,LS,58.51,132,29,0
2026-09-29,L,167.43,392,61,6
2026-09-29,LS,76.83,123,27,0
2026-09-30,L,154.24,390,70,5
2026-09-30,LS,75.83,156,30,2
2026-09-30,LN,86.46,154,50,1
2026-10-01,L,143.84,296,44,0
2026-10-01,LS,68.22,143,31,1
2026-10-01,LN,82.16,161,58,3
2026-10-02,L,143.91,277,50,4
2026-10-02,LS,42.05,95,17,0
2026-10-02,LN,72.07,141,35,0
2026-10-02,ROW,17.97,63,14,0
2026-10-03,L,84.29,171,53,3
2026-10-03,LN,66.7,94,21,0
2026-10-03,ROW,36.79,267,81,3
2026-10-04,L,136,346,82,5
2026-10-04,LN,97.53,130,29,3
2026-10-04,ROW,45.44,313,87,1
